date,region,total_auth_attempts,high_retry_events_count,avg_retry_rate
2025-12-21 20:06:57.419590,North,1864,40,0.021
2025-12-21 20:06:57.419590,South,4405,191,0.043
2025-12-21 20:06:57.419590,East,1491,21,0.014
2025-12-21 20:06:57.419590,West,1910,82,0.043
2025-12-21 20:06:57.419590,Central,1256,59,0.047
2025-12-22 20:06:57.419590,North,2420,33,0.014
2025-12-22 20:06:57.419590,South,1995,76,0.038
2025-12-22 20:06:57.419590,East,3353,117,0.035
2025-12-22 20:06:57.419590,West,4973,205,0.041
2025-12-22 20:06:57.419590,Central,1899,71,0.037
2025-12-23 20:06:57.419590,North,4262,1065,0.25
2025-12-23 20:06:57.419590,South,1190,15,0.013
2025-12-23 20:06:57.419590,East,1556,389,0.25
2025-12-23 20:06:57.419590,West,3145,142,0.045
2025-12-23 20:06:57.419590,Central,3309,35,0.011
2025-12-24 20:06:57.419590,North,1573,71,0.045
2025-12-24 20:06:57.419590,South,4028,63,0.016
2025-12-24 20:06:57.419590,East,4248,60,0.014
2025-12-24 20:06:57.419590,West,1538,22,0.014
2025-12-24 20:06:57.419590,Central,4676,153,0.033
2025-12-25 20:06:57.419590,North,3541,134,0.038
2025-12-25 20:06:57.419590,South,2084,39,0.019
2025-12-25 20:06:57.419590,East,4173,98,0.023
2025-12-25 20:06:57.419590,West,4907,170,0.035
2025-12-25 20:06:57.419590,Central,1139,53,0.047
2025-12-26 20:06:57.419590,North,3041,130,0.043
2025-12-26 20:06:57.419590,South,2462,61,0.025
2025-12-26 20:06:57.419590,East,4274,54,0.013
2025-12-26 20:06:57.419590,West,4862,202,0.042
2025-12-26 20:06:57.419590,Central,1972,35,0.018
2025-12-27 20:06:57.419590,North,2013,39,0.019
2025-12-27 20:06:57.419590,South,3619,115,0.032
2025-12-27 20:06:57.419590,East,2955,143,0.048
2025-12-27 20:06:57.419590,West,1495,34,0.023
2025-12-27 20:06:57.419590,Central,3664,151,0.041
2025-12-28 20:06:57.419590,North,1441,34,0.024
2025-12-28 20:06:57.419590,South,2862,51,0.018
2025-12-28 20:06:57.419590,East,3854,151,0.039
2025-12-28 20:06:57.419590,West,4885,120,0.025
2025-12-28 20:06:57.419590,Central,2331,44,0.019
2025-12-29 20:06:57.419590,North,4184,113,0.027
2025-12-29 20:06:57.419590,South,3189,108,0.034
2025-12-29 20:06:57.419590,East,1384,35,0.025
2025-12-29 20:06:57.419590,West,3931,80,0.02
2025-12-29 20:06:57.419590,Central,1610,54,0.034
2025-12-30 20:06:57.419590,North,4494,154,0.034
2025-12-30 20:06:57.419590,South,2573,77,0.03
2025-12-30 20:06:57.419590,East,1763,43,0.024
2025-12-30 20:06:57.419590,West,2544,38,0.015
2025-12-30 20:06:57.419590,Central,1903,475,0.25
2025-12-31 20:06:57.419590,North,3395,51,0.015
2025-12-31 20:06:57.419590,South,2218,96,0.043
2025-12-31 20:06:57.419590,East,2295,102,0.044
2025-12-31 20:06:57.419590,West,2628,111,0.042
2025-12-31 20:06:57.419590,Central,4914,138,0.028
2026-01-01 20:06:57.419590,North,3010,132,0.044
2026-01-01 20:06:57.419590,South,4984,1246,0.25
2026-01-01 20:06:57.419590,East,1674,75,0.045
2026-01-01 20:06:57.419590,West,3991,148,0.037
2026-01-01 20:06:57.419590,Central,4465,134,0.03
2026-01-02 20:06:57.419590,North,4616,148,0.032
2026-01-02 20:06:57.419590,South,1071,51,0.048
2026-01-02 20:06:57.419590,East,1069,267,0.25
2026-01-02 20:06:57.419590,West,2668,131,0.049
2026-01-02 20:06:57.419590,Central,4187,95,0.023
2026-01-03 20:06:57.419590,North,3424,119,0.035
2026-01-03 20:06:57.419590,South,4867,224,0.046
2026-01-03 20:06:57.419590,East,2653,86,0.032
2026-01-03 20:06:57.419590,West,1493,17,0.011
2026-01-03 20:06:57.419590,Central,4003,146,0.036
2026-01-04 20:06:57.419590,North,4103,56,0.014
2026-01-04 20:06:57.419590,South,1812,66,0.036
2026-01-04 20:06:57.419590,East,3706,90,0.024
2026-01-04 20:06:57.419590,West,4284,197,0.046
2026-01-04 20:06:57.419590,Central,4451,138,0.031
2026-01-05 20:06:57.419590,North,1890,23,0.012
2026-01-05 20:06:57.419590,South,1336,64,0.048
2026-01-05 20:06:57.419590,East,1885,46,0.024
2026-01-05 20:06:57.419590,West,2073,68,0.033
2026-01-05 20:06:57.419590,Central,1817,60,0.033
2026-01-06 20:06:57.419590,North,1712,52,0.03
2026-01-06 20:06:57.419590,South,4010,134,0.033
2026-01-06 20:06:57.419590,East,4917,177,0.036
2026-01-06 20:06:57.419590,West,4708,174,0.037
2026-01-06 20:06:57.419590,Central,3603,83,0.023
2026-01-07 20:06:57.419590,North,1742,69,0.04
2026-01-07 20:06:57.419590,South,2571,59,0.023
2026-01-07 20:06:57.419590,East,3630,72,0.02
2026-01-07 20:06:57.419590,West,1810,73,0.04
2026-01-07 20:06:57.419590,Central,4161,71,0.017
2026-01-08 20:06:57.419590,North,1214,41,0.034
2026-01-08 20:06:57.419590,South,4457,215,0.048
2026-01-08 20:06:57.419590,East,2684,117,0.044
2026-01-08 20:06:57.419590,West,1513,52,0.034
2026-01-08 20:06:57.419590,Central,4144,127,0.031
2026-01-09 20:06:57.419590,North,4869,172,0.035
2026-01-09 20:06:57.419590,South,1971,93,0.047
2026-01-09 20:06:57.419590,East,2502,89,0.036
2026-01-09 20:06:57.419590,West,2361,94,0.04
2026-01-09 20:06:57.419590,Central,4665,1166,0.25
2026-01-10 20:06:57.419590,North,2848,64,0.022
2026-01-10 20:06:57.419590,South,4246,44,0.01
2026-01-10 20:06:57.419590,East,2027,48,0.024
2026-01-10 20:06:57.419590,West,1286,42,0.033
2026-01-10 20:06:57.419590,Central,2064,91,0.044
2026-01-11 20:06:57.419590,North,1723,79,0.046
2026-01-11 20:06:57.419590,South,3655,152,0.042
2026-01-11 20:06:57.419590,East,2951,111,0.038
2026-01-11 20:06:57.419590,West,2477,89,0.036
2026-01-11 20:06:57.419590,Central,3694,162,0.044
2026-01-12 20:06:57.419590,North,4874,72,0.015
2026-01-12 20:06:57.419590,South,1641,28,0.017
2026-01-12 20:06:57.419590,East,4628,226,0.049
2026-01-12 20:06:57.419590,West,4237,1059,0.25
2026-01-12 20:06:57.419590,Central,2089,522,0.25
2026-01-13 20:06:57.419590,North,2623,655,0.25
2026-01-13 20:06:57.419590,South,3318,96,0.029
2026-01-13 20:06:57.419590,East,4764,111,0.023
2026-01-13 20:06:57.419590,West,3887,123,0.032
2026-01-13 20:06:57.419590,Central,1848,25,0.014
2026-01-14 20:06:57.419590,North,4836,113,0.023
2026-01-14 20:06:57.419590,South,3137,41,0.013
2026-01-14 20:06:57.419590,East,1512,26,0.017
2026-01-14 20:06:57.419590,West,3138,147,0.047
2026-01-14 20:06:57.419590,Central,3242,96,0.03
2026-01-15 20:06:57.419590,North,3440,113,0.033
2026-01-15 20:06:57.419590,South,4795,52,0.011
2026-01-15 20:06:57.419590,East,3765,77,0.02
2026-01-15 20:06:57.419590,West,4562,187,0.041
2026-01-15 20:06:57.419590,Central,1394,36,0.026
2026-01-16 20:06:57.419590,North,1424,55,0.039
2026-01-16 20:06:57.419590,South,2772,93,0.034
2026-01-16 20:06:57.419590,East,3575,87,0.024
2026-01-16 20:06:57.419590,West,2497,101,0.04
2026-01-16 20:06:57.419590,Central,2893,130,0.045
2026-01-17 20:06:57.419590,North,4147,95,0.023
2026-01-17 20:06:57.419590,South,2420,36,0.015
2026-01-17 20:06:57.419590,East,3940,88,0.022
2026-01-17 20:06:57.419590,West,2422,29,0.012
2026-01-17 20:06:57.419590,Central,4341,124,0.029
2026-01-18 20:06:57.419590,North,4825,78,0.016
2026-01-18 20:06:57.419590,South,1532,35,0.023
2026-01-18 20:06:57.419590,East,4251,179,0.042
2026-01-18 20:06:57.419590,West,1995,90,0.045
2026-01-18 20:06:57.419590,Central,2499,28,0.011
2026-01-19 20:06:57.419590,North,1609,49,0.03
2026-01-19 20:06:57.419590,South,4827,122,0.025
2026-01-19 20:06:57.419590,East,2681,133,0.05
2026-01-19 20:06:57.419590,West,4485,126,0.028
2026-01-19 20:06:57.419590,Central,1391,24,0.017
